{"cameraMode":{"drawMode":0,"name":"Shaded","section":"Shading Mode"},"sceneLighting":true,"audioPlay":false,"sceneViewState":{"m_AlwaysRefresh":false,"showFog":true,"showSkybox":true,"showFlares":true,"showImageEffects":true,"showParticleSystems":true,"showVisualEffectGraphs":true,"m_FxEnabled":true},"in2DMode":false,"pivot":{"x":-8.597196578979493,"y":0.048142433166503909,"z":-4.054862022399902},"rotation":{"x":-0.1376325637102127,"y":0.5620244145393372,"z":-0.09549559652805329,"w":-0.8099894523620606},"size":13.821993827819825,"orthographic":false}